NDC_Code,Labeler_Name,Labeler_Status,FDA_Name,COD_Status,FDA_Application_Number,Drug_Category,Drug_Type,Line_Extension,FDA_Approval_Date,Market_Date,Unit_Type,Unit_Per_Package_Size,Therapeutic_Equivalent_Code,5i_Indicator,Purchased_Product_Date,Coverage_Effective_Date,Drug_Termination_Date,Drug_Reactivation_Date,Date_Reported_to_CMS,,,,,
113-25-79,L. PERRIGO COMPANY,Active,APAP 500MG FSTRLS CPLT 400'S,9,PART343,New,2,No Line Extension,2015-10-08,2015-10-08,Tablet,1.00,Not clearly substitutable,NO,Not Purchased,2015-10-08,Active,N/A,2026-05-28,,,,,
113-2009-34,L. PERRIGO COMPANY,Active,TUSSIN SEV CF MAX BRY LIQ 8 OZ,10,PART341,New,2,No Line Extension,1990-09-30,1990-09-30,Milliliter,237.00,Not clearly substitutable,NO,2026-01-08,2026-01-08,Active,N/A,2026-05-28,,,,,
113-4124-64,L. PERRIGO COMPANY,Active,SPL SCAR INTENSE PM CREAM,10,PART347,New,2,No Line Extension,1991-01-01,1991-01-01,Gram,28.00,Not clearly substitutable,NO,2026-03-05,2026-03-05,Active,N/A,2026-05-28,,,,,
113-8959-34,L. PERRIGO COMPANY,Active,APAP 160MG CHILD DF CHRY SUSP 8 OZ,9,PART343,New,2,No Line Extension,2012-03-22,2012-03-22,Milliliter,237.00,Not clearly substitutable,NO,Not Purchased,2012-03-22,Active,N/A,2026-05-28,,,,,
143-9433-1,HIKMA PHARMACEUTICALS USA INC.,Active,Acetylcysteine Inj 6g/30 mL vial (IP),1,0217182,New,1,No Line Extension,2023-04-19,2023-08-22,Milliliter,30.00,Not clearly substitutable,YES,2026-04-10,2026-04-10,Active,N/A,2026-05-27,,,,,
143-9433-4,HIKMA PHARMACEUTICALS USA INC.,Active,Acetylcysteine Inj 6g/30 mL vial x 4,1,0217182,New,1,No Line Extension,2023-04-19,2023-08-22,Milliliter,120.00,Not clearly substitutable,YES,2026-04-10,2026-04-10,Active,N/A,2026-05-27,,,,,
143-9443-1,HIKMA PHARMACEUTICALS USA INC.,Active,Colistimethate Inj 150mg/vial x 1,1,0205356,New,1,No Line Extension,2015-05-29,2016-08-17,Milliliter,1.00,Not clearly substitutable,YES,2026-04-22,2026-04-22,Active,N/A,2026-05-27,,,,,
143-9443-12,HIKMA PHARMACEUTICALS USA INC.,Active,Colistimethate Inj 150mg/vial x 12,1,0205356,New,1,No Line Extension,2015-05-29,2016-08-17,Milliliter,12.00,Not clearly substitutable,YES,2026-04-22,2026-04-22,Active,N/A,2026-05-27,,,,,
173-922-38,GLAXOSMITHKLINE,Active,BLUJEPA TABLET 8CT,3,0218230,Standard,1,No Line Extension,2025-03-25,2025-10-06,Tablet,1.00,Not clearly substitutable,NO,Not Purchased,2025-10-06,Active,N/A,2026-05-26,,,,,
264-5711-1,B. BRAUN MEDICAL INC.,Active,ROCURONIUM BROMIDE,3,0219108,Investigational,1,No Line Extension,2025-10-24,2026-05-21,Milliliter,5.00,Not clearly substitutable,YES,Not Purchased,2026-05-21,Active,N/A,2026-05-29,,,,,
264-5711-10,B. BRAUN MEDICAL INC.,Active,ROCURONIUM BROMIDE,3,0219108,Investigational,1,No Line Extension,2025-10-24,2026-05-21,Milliliter,5.00,Not clearly substitutable,YES,Not Purchased,2026-05-21,Active,N/A,2026-05-29,,,,,
338-9543-7,BAXTER HEALTHCARE CORPORATION,Active,0.9% NACL 1000ML VIAFLO USA,3,0016677,New,1,No Line Extension,1990-09-30,1990-09-30,Milliliter,1000.00,Not clearly substitutable,YES,2015-11-05,2015-11-05,Active,N/A,2026-05-26,,,,,
781-2492-60,SANDOZ,Active,NINTEDANIB 100MG 60SGC BO US,1,0216915,New,1,No Line Extension,2026-04-02,2026-04-06,Capsule,1.00,Substitutable,NO,Not Purchased,2026-04-06,Active,N/A,2026-05-26,,,,,
781-2495-60,SANDOZ,Active,NINTEDANIB 150MG 60SGC BO US,1,0216915,New,1,No Line Extension,2026-04-02,2026-04-06,Capsule,1.00,Substitutable,NO,Not Purchased,2026-04-06,Active,N/A,2026-05-26,,,,,
781-5985-31,SANDOZ,Active,DAPAGLIFLOZIN 5MG 30FCT BO US,1,0211312,New,1,No Line Extension,2026-04-06,2026-04-07,Tablet,1.00,Substitutable,NO,Not Purchased,2026-04-07,Active,N/A,2026-05-26,,,,,
781-5990-31,SANDOZ,Active,DAPAGLIFLOZIN 10MG 30FCT BO US,1,0211312,New,1,No Line Extension,2026-04-06,2026-04-07,Tablet,1.00,Substitutable,NO,Not Purchased,2026-04-07,Active,N/A,2026-05-26,,,,,
781-8201-6,SANDOZ,Active,CLADRIBINE 10MG 1TAB US,1,0215547,New,1,No Line Extension,2026-03-27,2026-04-28,Tablet,1.00,Substitutable,NO,Not Purchased,2026-04-28,Active,N/A,2026-05-26,,,,,
781-8201-37,SANDOZ,Active,CLADRIBINE 10MG 9TAB US,1,0215547,New,1,No Line Extension,2026-03-27,2026-04-28,Tablet,1.00,Substitutable,NO,Not Purchased,2026-04-28,Active,N/A,2026-05-26,,,,,
781-8201-46,SANDOZ,Active,CLADRIBINE 10MG 2TAB US,1,0215547,New,1,No Line Extension,2026-03-27,2026-04-28,Tablet,1.00,Substitutable,NO,Not Purchased,2026-04-28,Active,N/A,2026-05-26,,,,,
781-8201-51,SANDOZ,Active,CLADRIBINE 10MG 5TAB US,1,0215547,New,1,No Line Extension,2026-03-27,2026-04-28,Tablet,1.00,Substitutable,NO,Not Purchased,2026-04-28,Active,N/A,2026-05-26,,,,,
781-8201-68,SANDOZ,Active,CLADRIBINE 10MG 6TAB US,1,0215547,New,1,No Line Extension,2026-03-27,2026-04-28,Tablet,1.00,Substitutable,NO,Not Purchased,2026-04-28,Active,N/A,2026-05-26,,,,,
781-8201-71,SANDOZ,Active,CLADRIBINE 10MG 7TAB US,1,0215547,New,1,No Line Extension,2026-03-27,2026-04-28,Tablet,1.00,Substitutable,NO,Not Purchased,2026-04-28,Active,N/A,2026-05-26,,,,,
781-8201-80,SANDOZ,Active,CLADRIBINE 10MG 10TAB US,1,0215547,New,1,No Line Extension,2026-03-27,2026-04-28,Tablet,1.00,Substitutable,NO,Not Purchased,2026-04-28,Active,N/A,2026-05-26,,,,,
781-8201-85,SANDOZ,Active,CLADRIBINE 10MG 8TAB US,1,0215547,New,1,No Line Extension,2026-03-27,2026-04-28,Tablet,1.00,Substitutable,NO,Not Purchased,2026-04-28,Active,N/A,2026-05-26,,,,,
781-8201-94,SANDOZ,Active,CLADRIBINE 10MG 4TAB US,1,0215547,New,1,No Line Extension,2026-03-27,2026-04-28,Tablet,1.00,Substitutable,NO,Not Purchased,2026-04-28,Active,N/A,2026-05-26,,,,,
10122-402-28,"CHIESI USA, INC.",Active,Juxtapid 2mg,3,0203858,Standard,1,No Line Extension,2012-12-21,2026-04-29,Capsule,28.00,Not clearly substitutable,NO,Not Purchased,2026-04-29,Active,N/A,2026-05-29,,,,,
21922-42-40,ENCUBE ETHICALS PVT. LTD.,Active,Tretinoin Microsphere 0.06% Gel 50g pump,1,0215609,New,1,No Line Extension,2023-08-22,2026-05-01,Gram,50.00,Substitutable,NO,Not Purchased,2026-05-01,Active,N/A,2026-05-31,,,,,
23155-920-1,"HERITAGE PHARMACEUTICALS, INC.",Active,Amlodipine Besylate/Benazepril HCL Caps 2.5/10mg 100s,1,0091431,New,1,No Line Extension,2013-12-30,2026-04-16,Capsule,1.00,Substitutable,NO,Not Purchased,2026-04-16,Active,N/A,2026-05-28,,,,,
24338-103-1,AZURITY PHARMACEUTICALS INC.,Active,"ARYNTA (lisdexamfetamine dimesylate) Oral Solution, CII 10mg/mL",3,0219847,Standard,1,No Line Extension,2025-06-16,2026-04-06,Milliliter,30.00,Not clearly substitutable,NO,Not Purchased,2026-04-06,Active,N/A,2026-05-26,,,,,
24338-109-1,AZURITY PHARMACEUTICALS INC.,Active,"ARYNTA (lisdexamfetamine dimesylate) Oral Solution, CII 10mg/mL",3,0219847,Standard,1,No Line Extension,2025-06-16,2026-04-06,Milliliter,90.00,Not clearly substitutable,NO,Not Purchased,2026-04-06,Active,N/A,2026-05-26,,,,,
24338-160-1,AZURITY PHARMACEUTICALS INC.,Active,"ARYNTA (lisdexamfetamine dimesylate) Oral Solution, CII 10mg/mL",3,0219847,Standard,1,No Line Extension,2025-06-16,2026-04-06,Milliliter,60.00,Not clearly substitutable,NO,Not Purchased,2026-04-06,Active,N/A,2026-05-26,,,,,
24338-162-1,AZURITY PHARMACEUTICALS INC.,Active,"ARYNTA (lisdexamfetamine dimesylate) Oral Solution, CII 10mg/mL",3,0219847,Standard,1,No Line Extension,2025-06-16,2026-04-06,Milliliter,120.00,Not clearly substitutable,NO,Not Purchased,2026-04-06,Active,N/A,2026-05-26,,,,,
24979-126-18,"Upsher-Smith Laboratories, LLC.",Active,Cyclosporine Ophthalmic Emulsion 0.05% 60vials/0.4ml,1,0209064,New,1,No Line Extension,2026-01-21,2026-04-24,Milliliter,24.00,Substitutable,NO,Not Purchased,2026-04-24,Active,N/A,2026-05-29,,,,,
24979-126-19,"Upsher-Smith Laboratories, LLC.",Active,Cyclosporine Ophthalmic Emulsion 0.05% 30vials/0.4ml,1,0209064,New,1,No Line Extension,2026-01-21,2026-04-24,Milliliter,12.00,Substitutable,NO,Not Purchased,2026-04-24,Active,N/A,2026-05-29,,,,,
27241-151-1,AJANTA PHARMA LIMITED,Active,Dapagliflozin Tabs 5mg 30ct,1,0211482,New,1,No Line Extension,2026-04-06,2026-04-06,Tablet,30.00,Substitutable,NO,Not Purchased,2026-04-06,Active,N/A,2026-05-29,,,,,
27241-152-1,AJANTA PHARMA LIMITED,Active,Dapagliflozin Tabs 10mg 30ct,1,0211482,New,1,No Line Extension,2026-04-06,2026-04-06,Tablet,30.00,Substitutable,NO,Not Purchased,2026-04-06,Active,N/A,2026-05-29,,,,,
29300-364-16,"UNICHEM PHARMACEUTICALS (USA), INC.",Active,Lacosamide 50 mg 60ct,1,0213109,New,1,No Line Extension,2024-09-04,2026-04-02,Tablet,60.00,Substitutable,NO,Not Purchased,2026-04-02,Active,N/A,2026-05-29,,,,,
29300-365-16,"UNICHEM PHARMACEUTICALS (USA), INC.",Active,Lacosamide 100 mg 60ct,1,0213109,New,1,No Line Extension,2024-09-04,2026-04-02,Tablet,60.00,Substitutable,NO,Not Purchased,2026-04-02,Active,N/A,2026-05-29,,,,,
29300-366-16,"UNICHEM PHARMACEUTICALS (USA), INC.",Active,Lacosamide 150 mg 60ct,1,0213109,New,1,No Line Extension,2024-09-04,2026-04-02,Tablet,60.00,Substitutable,NO,Not Purchased,2026-04-02,Active,N/A,2026-05-29,,,,,
29300-367-16,"UNICHEM PHARMACEUTICALS (USA), INC.",Active,Lacosamide 200 mg 60ct,1,0213109,New,1,No Line Extension,2024-09-04,2026-04-02,Tablet,60.00,Substitutable,NO,Not Purchased,2026-04-02,Active,N/A,2026-05-29,,,,,
42385-801-30,LAURUS LABS PRIVATE LIMITED,Active,Emtrici/Rilpiv/Tenofov DF Tabs 200/25/300mg 30ct,1,0220232,New,1,No Line Extension,2026-03-04,2026-04-13,Tablet,30.00,Substitutable,NO,Not Purchased,2026-04-13,Active,N/A,2026-05-29,,,,,
43547-657-6,"SOLCO HEALTHCARE USA, LLC",Active,Ticagrelor Tabs 90MG 60CT,1,0208599,New,1,No Line Extension,2024-08-16,2026-04-01,Tablet,60.00,Substitutable,NO,Not Purchased,2026-04-01,Active,N/A,2026-05-27,,,,,
50268-497-1,AVPAK,Active,PREGABALIN CAP 25MG 10X10 CT,1,0209357,New,1,No Line Extension,2019-07-19,2026-04-02,Capsule,100.00,Substitutable,NO,Not Purchased,2026-04-02,Active,N/A,2026-05-29,,,,,
50268-497-11,AVPAK,Active,PREGABALIN CAP 25MG,1,0209357,New,1,No Line Extension,2019-07-19,2026-04-02,Capsule,1.00,Substitutable,NO,Not Purchased,2026-04-02,Active,N/A,2026-05-29,,,,,
51672-4210-8,"Sun Pharmaceutical Industries, Inc.",Inactive,CLOBAZAM Oral Suspension  2.5mg/ml,1,0210978,New,1,No Line Extension,2019-04-15,2019-04-19,Milliliter,120.00,Substitutable,NO,Not Purchased,2019-04-19,2020-04-16,N/A,2026-05-29,,,,,
52536-4-3,"WILSHIRE PHARMACEUTICALS, INC.",Active,"Azilsartan Medoxomil Tablets 40mg, 30ct",4,0200796,Investigational,1,No Line Extension,2011-02-25,2026-04-24,Tablet,30.00,Substitutable,NO,Not Purchased,2026-04-24,Active,N/A,2026-05-26,,,,,
52536-8-3,"WILSHIRE PHARMACEUTICALS, INC.",Active,"Azilsartan Medoxomil Tablets 80mg, 30ct",4,0200796,Investigational,1,No Line Extension,2011-02-25,2026-04-24,Tablet,30.00,Substitutable,NO,Not Purchased,2026-04-24,Active,N/A,2026-05-26,,,,,
52817-183-5,"TRUPHARMA, LLC",Active,CLONIDINE HYDROCHLORIDE 0.05MG 100CT TABLETS,1,0070923,New,1,No Line Extension,2026-04-06,2026-04-30,Tablet,100.00,Not clearly substitutable,NO,Not Purchased,2026-04-30,Active,N/A,2026-05-29,,,,,
58151-134-91,Viatris Specialty LLC,Active,GEODON 80MG CAP 1X60 BTL RN NBG,3,0020825,Investigational,1,No Line Extension,2001-02-05,2001-02-28,Capsule,1.00,Substitutable,NO,2026-04-22,2026-04-22,Active,N/A,2026-05-26,,,,,
58151-282-1,Viatris Specialty LLC,Active,NEURONTIN 300mg CAP 1x100 BTL US,3,0020235,Investigational,1,No Line Extension,1993-12-30,1994-01-10,Capsule,1.00,Substitutable,NO,2026-04-21,2026-04-21,Active,N/A,2026-05-26,,,,,
59651-154-30,"AUROBINDO PHARMA USA, INC.",Active,Dapagliflozin and Metformin HCL ER Tablets 5 mg/500 mg - 30,1,0211489,New,1,No Line Extension,2026-04-06,2026-04-08,Tablet,30.00,Substitutable,NO,Not Purchased,2026-04-08,Active,N/A,2026-05-27,,,,,
59651-155-60,"AUROBINDO PHARMA USA, INC.",Active,Dapagliflozin and Metformin HCL ER Tablets 5 mg/1000 mg.- 60,1,0211489,New,1,No Line Extension,2026-04-06,2026-04-08,Tablet,60.00,Substitutable,NO,Not Purchased,2026-04-08,Active,N/A,2026-05-27,,,,,
59651-156-30,"AUROBINDO PHARMA USA, INC.",Active,Dapagliflozin and Metformin HCL ER Tablets 10 mg/500 mg - 30,1,0211489,New,1,No Line Extension,2026-04-06,2026-04-08,Tablet,30.00,Substitutable,NO,Not Purchased,2026-04-08,Active,N/A,2026-05-27,,,,,
59651-157-30,"AUROBINDO PHARMA USA, INC.",Active,Dapagliflozin and Metformin HCL ER Tablets 10 mg/1000 mg - 30,1,0211489,New,1,No Line Extension,2026-04-06,2026-04-08,Tablet,30.00,Substitutable,NO,Not Purchased,2026-04-08,Active,N/A,2026-05-27,,,,,
59651-159-30,"AUROBINDO PHARMA USA, INC.",Active,Dapagliflozin Tablets 5 mg- 30,1,0211468,New,1,No Line Extension,2026-04-06,2026-04-06,Tablet,30.00,Substitutable,NO,Not Purchased,2026-04-06,Active,N/A,2026-05-27,,,,,
59651-160-30,"AUROBINDO PHARMA USA, INC.",Active,Dapagliflozin Tablets 10 mg- 30,1,0211468,New,1,No Line Extension,2026-04-06,2026-04-06,Tablet,30.00,Substitutable,NO,Not Purchased,2026-04-06,Active,N/A,2026-05-27,,,,,
59651-238-27,"AUROBINDO PHARMA USA, INC.",Active,Pirfenidone Tablets USP 267 mg - 270,1,0212596,New,1,No Line Extension,2025-08-11,2026-04-27,Tablet,270.00,Substitutable,NO,Not Purchased,2026-04-27,Active,N/A,2026-05-27,,,,,
59651-238-90,"AUROBINDO PHARMA USA, INC.",Active,Pirfenidone Tablets USP 267 mg -  90,1,0212596,New,1,No Line Extension,2025-08-11,2026-04-27,Tablet,90.00,Substitutable,NO,Not Purchased,2026-04-27,Active,N/A,2026-05-27,,,,,
59651-239-90,"AUROBINDO PHARMA USA, INC.",Active,Pirfenidone Tablets 801 mg - 90,1,0212596,New,1,No Line Extension,2025-08-11,2026-04-01,Tablet,90.00,Substitutable,NO,Not Purchased,2026-04-01,Active,N/A,2026-05-27,,,,,
59651-451-53,"AUROBINDO PHARMA USA, INC.",Active,Varenicline Tablets Starter Kit 0.5 mg x 11 & 1 mg x 42,1,0214595,New,1,No Line Extension,2025-05-02,2026-04-15,Tablet,53.00,Substitutable,NO,Not Purchased,2026-04-15,Active,N/A,2026-05-27,,,,,
59651-713-14,"AUROBINDO PHARMA USA, INC.",Active,"Tretinoin Gel, USP 0.025% -15",1,0218245,New,1,No Line Extension,2025-02-27,2026-04-23,Gram,15.00,Substitutable,NO,Not Purchased,2026-04-23,Active,N/A,2026-05-27,,,,,
59651-801-28,"AUROBINDO PHARMA USA, INC.",Active,Roflumilast Tablets 250 mcg  28,1,0213298,New,1,No Line Extension,2025-01-31,2026-04-15,Tablet,28.00,Substitutable,NO,Not Purchased,2026-04-15,Active,N/A,2026-05-27,,,,,
59651-805-3,"AUROBINDO PHARMA USA, INC.",Active,Esomeprazole Magnesium DR Oral Suspension 40 mg - 1,1,0218948,New,1,No Line Extension,2025-04-15,2026-04-15,Each,1.00,Substitutable,NO,Not Purchased,2026-04-15,Active,N/A,2026-05-27,,,,,
59651-805-30,"AUROBINDO PHARMA USA, INC.",Active,Esomeprazole Magnesium DR Oral Suspension 40 mg - 30,1,0218948,New,1,No Line Extension,2025-04-15,2026-04-15,Each,30.00,Substitutable,NO,Not Purchased,2026-04-15,Active,N/A,2026-05-27,,,,,
59651-848-1,"AUROBINDO PHARMA USA, INC.",Active,Bupropion HCl-200mg-Tablets A090325 (ER SR),1,0090325,New,1,No Line Extension,2010-04-08,2010-04-09,Tablet,100.00,Substitutable,NO,2026-04-21,2026-02-17,Active,N/A,2026-05-27,,,,,
59651-978-50,"AUROBINDO PHARMA USA, INC.",Active,Ciprofloxacin Tablets USP 750 mg - 50,1,0077859,New,1,No Line Extension,2007-04-26,2010-05-24,Tablet,50.00,Substitutable,NO,2026-04-02,2026-04-02,Active,N/A,2026-05-28,,,,,
62559-252-1,"ANI PHARMACEUTICALS, INC.",Active,Isosorbide Mononitrate Tablets 10mg 100ct,1,0075147,New,1,No Line Extension,2026-03-27,2026-04-08,Tablet,100.00,Substitutable,NO,Not Purchased,2026-04-08,Active,N/A,2026-05-28,,,,,
62559-253-1,"ANI PHARMACEUTICALS, INC.",Active,Isosorbide Mononitrate Tablets 20mg 100ct,1,0075147,New,1,No Line Extension,2026-03-27,2026-04-08,Tablet,100.00,Substitutable,NO,Not Purchased,2026-04-08,Active,N/A,2026-05-28,,,,,
64850-642-5,"Elite Laboratories, Inc.",Active,Acetaminophen and Codeine Tablet 30mg/300mg - 500ct,1,0212418,New,1,No Line Extension,2019-09-10,2024-10-07,Tablet,1.00,Not clearly substitutable,NO,Not Purchased,2024-10-07,Active,N/A,2026-05-28,,,,,
65219-27-55,FRESENIUS KABI USA LLC,Active,Ascorbic Acid Injection 1PK,1,0217131,New,1,No Line Extension,2025-08-07,2025-12-08,Milliliter,50.00,Not clearly substitutable,YES,Not Purchased,2025-12-08,Active,N/A,2026-05-26,,,,,
67850-140-1,"Methapharm, Inc",Active,Asclera 0.5% Ampule (5/carton),3,0021201,Investigational,1,No Line Extension,2010-03-30,2026-04-01,Each,1.00,Not clearly substitutable,YES,2026-04-01,2026-04-13,Active,N/A,2026-05-29,,,,,
67850-140-5,"Methapharm, Inc",Active,Asclera 0.5% Ampule (5/carton),3,0021201,Investigational,1,No Line Extension,2010-03-30,2026-04-01,Each,5.00,Not clearly substitutable,YES,2026-04-01,2026-04-13,Active,N/A,2026-05-29,,,,,
67850-141-1,"Methapharm, Inc",Active,Asclera 1% Ampule (5/carton),3,0021201,Investigational,1,No Line Extension,2010-03-30,2026-04-01,Each,1.00,Not clearly substitutable,YES,2026-04-01,2026-04-13,Active,N/A,2026-05-29,,,,,
67850-141-5,"Methapharm, Inc",Active,Asclera 1% Ampule (5/carton),3,0021201,Investigational,1,No Line Extension,2010-03-30,2026-04-01,Each,5.00,Not clearly substitutable,YES,2026-04-01,2026-04-13,Active,N/A,2026-05-29,,,,,
67877-608-30,"ASCEND LABORATORIES, L.L.C.",Active,DAPAGLIFLOZIN 5MG TABS 30,1,0211545,New,1,No Line Extension,2026-01-02,2026-04-07,Tablet,1.00,Substitutable,NO,Not Purchased,2026-04-07,Active,N/A,2026-05-29,,,,,
67877-608-90,"ASCEND LABORATORIES, L.L.C.",Active,DAPAGLIFLOZIN 5MG TABS 90,1,0211545,New,1,No Line Extension,2026-01-02,2026-04-07,Tablet,1.00,Substitutable,NO,Not Purchased,2026-04-07,Active,N/A,2026-05-29,,,,,
67877-609-30,"ASCEND LABORATORIES, L.L.C.",Active,DAPAGLIFLOZIN 10MG TABS 30,1,0211545,New,1,No Line Extension,2026-01-02,2026-04-07,Tablet,1.00,Substitutable,NO,Not Purchased,2026-04-07,Active,N/A,2026-05-29,,,,,
67877-609-90,"ASCEND LABORATORIES, L.L.C.",Active,DAPAGLIFLOZIN 10MG TABS 90,1,0211545,New,1,No Line Extension,2026-01-02,2026-04-07,Tablet,1.00,Substitutable,NO,Not Purchased,2026-04-07,Active,N/A,2026-05-29,,,,,
67877-619-30,"ASCEND LABORATORIES, L.L.C.",Active,DAP/METFORMIN ER TABS 5MG/500MG- 30'S,1,0211563,New,1,No Line Extension,2023-05-04,2026-04-08,Tablet,1.00,Substitutable,NO,Not Purchased,2026-04-08,Active,N/A,2026-05-29,,,,,
67877-620-60,"ASCEND LABORATORIES, L.L.C.",Active,Dapagliflozin & Metformin ER Tablets 5mg/1000mg- 60's,1,0211563,New,1,No Line Extension,2023-05-04,2026-04-08,Tablet,1.00,Substitutable,NO,Not Purchased,2026-04-08,Active,N/A,2026-05-29,,,,,
67877-621-30,"ASCEND LABORATORIES, L.L.C.",Active,Dapagliflozin & Metformin ER Tablets 10mg/500mg- 30's,1,0211563,New,1,No Line Extension,2023-05-04,2026-04-08,Tablet,1.00,Substitutable,NO,Not Purchased,2026-04-08,Active,N/A,2026-05-29,,,,,
67877-622-30,"ASCEND LABORATORIES, L.L.C.",Active,Dapagliflozin & Metformin ER Tablets 10mg/1000mg- 30's,1,0211563,New,1,No Line Extension,2023-05-04,2026-04-08,Tablet,1.00,Substitutable,NO,Not Purchased,2026-04-08,Active,N/A,2026-05-29,,,,,
68084-44-65,AMERICAN HEALTH PACKAGING,Active,Paroxetine HCl Tablet,1,0077584,New,1,No Line Extension,2005-03-15,2005-03-15,Tablet,50.00,Substitutable,NO,Not Purchased,2005-03-15,Active,N/A,2026-05-29,,,,,
68382-610-1,ZYDUS PHARMACEUTICALS (USA) INC.,Active,TRAZODONE HCL TAB 100MG (100 CT),1,0205253,New,1,No Line Extension,2017-10-10,2018-02-12,Tablet,1.00,Substitutable,NO,2026-05-01,2026-05-01,Active,N/A,2026-05-26,,,,,
68462-697-20,"GLENMARK PHARMACEUTICALS, INC., USA",Active,LACOSAMIDE INJ 200MG/20MLX1 SDV,1,0220268,New,1,No Line Extension,2026-01-21,2026-05-26,Milliliter,20.00,Not clearly substitutable,YES,Not Purchased,2026-05-26,Active,N/A,2026-05-29,,,,,
68462-697-30,"GLENMARK PHARMACEUTICALS, INC., USA",Active,LACOSAMIDE INJ 200MG/20MLX10 SDV,1,0220268,New,1,No Line Extension,2026-01-21,2026-05-26,Milliliter,20.00,Not clearly substitutable,YES,Not Purchased,2026-05-26,Active,N/A,2026-05-29,,,,,
68462-955-50,"GLENMARK PHARMACEUTICALS, INC., USA",Active,VANCOMYCIN HCL FOR INJ 500MGX1 SDV,1,0205694,New,1,No Line Extension,2016-01-21,2017-05-01,Each,1.00,Not clearly substitutable,YES,2026-05-15,2026-05-15,Active,N/A,2026-05-29,,,,,
68462-955-51,"GLENMARK PHARMACEUTICALS, INC., USA",Active,VANCOMYCIN HCL FOR INJ 500MGX10 SDV,1,0205694,New,1,No Line Extension,2016-01-21,2017-05-01,Each,1.00,Not clearly substitutable,YES,2026-05-15,2026-05-15,Active,N/A,2026-05-29,,,,,
68462-956-1,"GLENMARK PHARMACEUTICALS, INC., USA",Active,VANCOMYCIN HCL FOR INJ 1GX1 SDV,1,0205694,New,1,No Line Extension,2016-01-21,2017-05-01,Each,1.00,Not clearly substitutable,YES,2026-05-15,2026-05-15,Active,N/A,2026-05-29,,,,,
68462-956-11,"GLENMARK PHARMACEUTICALS, INC., USA",Active,VANCOMYCIN HCL FOR INJ 1GX10 SDV,1,0205694,New,1,No Line Extension,2016-01-21,2017-05-01,Each,1.00,Not clearly substitutable,YES,2026-05-15,2026-05-15,Active,N/A,2026-05-29,,,,,
69499-330-60,"Solubiomix, LLC",Active,Chlorzoxazone 250 mg/1,1,0207483,New,1,No Line Extension,2016-06-24,2018-04-26,Tablet,60.00,Not clearly substitutable,NO,Not Purchased,2026-04-13,Active,N/A,2026-05-27,,,,,
69499-344-30,"Solubiomix, LLC",Active,Azesco,7,Unknow,New,1,No Line Extension,2019-06-26,2019-06-26,Tablet,30.00,Not clearly substitutable,NO,Not Purchased,2026-04-13,Active,N/A,2026-05-27,,,,,
69547-627-5,EMERGENT DEVICES INC.,Active,NARCAN - NALOXONE HYDROCHLORIDE NASAL SPRAY 2 CT,3,0208411,Investigational,2,No Line Extension,2015-11-18,2023-08-25,Milliliter,0.10,Not clearly substitutable,NO,Not Purchased,2023-08-25,Active,N/A,2026-05-28,,,,,
69547-627-6,EMERGENT DEVICES INC.,Active,NARCAN - NALOXONE HYDROCHLORIDE NASAL SPRAY 6 CT,3,0208411,Investigational,2,No Line Extension,2015-11-18,2023-08-25,Milliliter,0.10,Not clearly substitutable,NO,Not Purchased,2023-08-25,Active,N/A,2026-05-28,,,,,
69547-627-24,EMERGENT DEVICES INC.,Active,NARCAN - NALOXONE HYDROCHLORIDE NASAL SPRAY 24 CT,3,0208411,Investigational,2,No Line Extension,2015-11-18,2023-08-25,Milliliter,0.10,Not clearly substitutable,NO,Not Purchased,2023-08-25,Active,N/A,2026-05-28,,,,,
70069-845-1,"SOMERSET THERAPEUTICS, LLC.",Active,Levetiracetam in 0.82% Sodium Chloride Inj 500mg/100mL,1,0219562,New,1,No Line Extension,2025-01-16,2026-04-23,Milliliter,100.00,Not clearly substitutable,YES,Not Purchased,2026-04-23,Active,N/A,2026-05-27,,,,,
70069-845-10,"SOMERSET THERAPEUTICS, LLC.",Active,Levetiracetam in 0.82% Sodium Chloride Inj 500mg/100mL 10s,1,0219562,New,1,No Line Extension,2025-01-16,2026-04-23,Milliliter,1000.00,Not clearly substitutable,YES,Not Purchased,2026-04-23,Active,N/A,2026-05-27,,,,,
70069-846-1,"SOMERSET THERAPEUTICS, LLC.",Active,Levetiracetam in 0.75% Sodium Chloride Inj 1000mg/100mL,1,0219562,New,1,No Line Extension,2025-01-16,2026-04-23,Milliliter,100.00,Not clearly substitutable,YES,Not Purchased,2026-04-23,Active,N/A,2026-05-27,,,,,
70069-846-10,"SOMERSET THERAPEUTICS, LLC.",Active,Levetiracetam in 0.75% Sodium Chloride Inj 1000mg/100mL 10s,1,0219562,New,1,No Line Extension,2025-01-16,2026-04-23,Milliliter,1000.00,Not clearly substitutable,YES,Not Purchased,2026-04-23,Active,N/A,2026-05-27,,,,,
70069-847-1,"SOMERSET THERAPEUTICS, LLC.",Active,Levetiracetam in 0.54% Sodium Chloride Inj 1500mg/100mL,1,0219562,New,1,No Line Extension,2025-01-16,2026-04-23,Milliliter,100.00,Not clearly substitutable,YES,Not Purchased,2026-04-23,Active,N/A,2026-05-27,,,,,
70069-847-10,"SOMERSET THERAPEUTICS, LLC.",Active,Levetiracetam in 0.54% Sodium Chloride Inj 1500mg/100mL 10s,1,0219562,New,1,No Line Extension,2025-01-16,2026-04-23,Milliliter,1000.00,Not clearly substitutable,YES,Not Purchased,2026-04-23,Active,N/A,2026-05-27,,,,,
70069-875-1,"SOMERSET THERAPEUTICS, LLC.",Active,Nicardipine HCl in 0.9% Sodium Chloride Inj 20mg in 200mL,1,0220243,New,1,No Line Extension,2025-10-22,2026-04-28,Milliliter,200.00,Not clearly substitutable,YES,Not Purchased,2026-04-28,Active,N/A,2026-05-27,,,,,
70069-875-10,"SOMERSET THERAPEUTICS, LLC.",Active,Nicardipine HCl in 0.9% Sodium Chloride Inj 20mg in 200mL,1,0220243,New,1,No Line Extension,2025-10-22,2026-04-28,Milliliter,2000.00,Not clearly substitutable,YES,Not Purchased,2026-04-28,Active,N/A,2026-05-27,,,,,
70069-876-1,"SOMERSET THERAPEUTICS, LLC.",Active,Nicardipine HCl in 0.9% Sodium Chloride Inj 40mg in 200mL,1,0220243,New,1,No Line Extension,2025-10-22,2026-04-24,Milliliter,200.00,Not clearly substitutable,YES,Not Purchased,2026-04-24,Active,N/A,2026-05-27,,,,,
70069-876-10,"SOMERSET THERAPEUTICS, LLC.",Active,Nicardipine HCl in 0.9% Sodium Chloride Inj 40mg in 200mL,1,0220243,New,1,No Line Extension,2025-10-22,2026-04-24,Milliliter,2000.00,Not clearly substitutable,YES,Not Purchased,2026-04-24,Active,N/A,2026-05-27,,,,,
70069-880-8,"SOMERSET THERAPEUTICS, LLC.",Active,Dihydroergotamine Mesylate Nasal Spray 4mg/mL,1,0215228,New,1,No Line Extension,2025-04-26,2026-04-29,Each,8.00,Substitutable,NO,Not Purchased,2026-04-29,Active,N/A,2026-05-27,,,,,
70121-1351-1,AMNEAL PHARMACEUTICALS LLC,Active,Risperidone ER for Injectable Suspension Kit 25mg SDV,1,0218586,New,1,No Line Extension,2025-09-02,2026-02-23,Milliliter,2.00,Substitutable,YES,Not Purchased,2026-02-23,Active,N/A,2026-05-28,,,,,
70121-1352-1,AMNEAL PHARMACEUTICALS LLC,Active,Risperidone ER for Injectable Suspension Kit 37.5mg SDV,1,0218586,New,1,No Line Extension,2025-09-02,2026-02-23,Milliliter,2.00,Substitutable,YES,Not Purchased,2026-02-23,Active,N/A,2026-05-28,,,,,
70121-1353-1,AMNEAL PHARMACEUTICALS LLC,Active,Risperidone ER for Injectable Suspension Kit 50mg SDV,1,0218586,New,1,No Line Extension,2025-09-02,2026-02-23,Milliliter,2.00,Substitutable,YES,Not Purchased,2026-02-23,Active,N/A,2026-05-28,,,,,
70710-1584-6,ZYDUS PHARMACEUTICALS (USA) INC.,Active,BRIVARACETAM TAB 10MG (60 CT),1,0214501,New,1,No Line Extension,2022-10-03,2026-05-21,Tablet,1.00,Not clearly substitutable,NO,2026-05-21,2026-05-21,Active,N/A,2026-05-26,,,,,
70710-1585-6,ZYDUS PHARMACEUTICALS (USA) INC.,Active,BRIVARACETAM TAB 25MG (60 CT),1,0214501,New,1,No Line Extension,2022-10-03,2026-05-21,Tablet,1.00,Not clearly substitutable,NO,2026-05-21,2026-05-21,Active,N/A,2026-05-26,,,,,
70710-1586-6,ZYDUS PHARMACEUTICALS (USA) INC.,Active,BRIVARACETAM TAB 50MG (60 CT),1,0214501,New,1,No Line Extension,2022-10-03,2026-05-21,Tablet,1.00,Not clearly substitutable,NO,2026-05-21,2026-05-21,Active,N/A,2026-05-26,,,,,
70710-1587-6,ZYDUS PHARMACEUTICALS (USA) INC.,Active,BRIVARACETAM TAB 75MG (60 CT),1,0214501,New,1,No Line Extension,2022-10-03,2026-05-21,Tablet,1.00,Not clearly substitutable,NO,2026-05-21,2026-05-21,Active,N/A,2026-05-26,,,,,
70710-1588-6,ZYDUS PHARMACEUTICALS (USA) INC.,Active,BRIVARACETAM TAB 100MG (60 CT),1,0214501,New,1,No Line Extension,2022-10-03,2026-05-21,Tablet,1.00,Not clearly substitutable,NO,2026-05-21,2026-05-21,Active,N/A,2026-05-26,,,,,
70710-1768-1,ZYDUS PHARMACEUTICALS (USA) INC.,Active,LEUPROLIDE ACETATE INJ 14MG/2.8ML(1CT)-NS,1,0215826,New,1,No Line Extension,2025-11-13,2026-05-15,Milliliter,2.80,Not clearly substitutable,YES,2026-05-15,2026-05-15,Active,N/A,2026-05-28,,,,,
70710-1769-3,ZYDUS PHARMACEUTICALS (USA) INC.,Active,LEUPROLIDE ACETATE INJ 14MG/2.8ML(1 KIT),1,0215826,New,1,No Line Extension,2025-11-13,2026-05-15,Milliliter,2.80,Not clearly substitutable,YES,2026-05-15,2026-05-15,Active,N/A,2026-05-26,,,,,
70748-101-6,LUPIN PHARMACEUTICALS INC.,Active,Dapagliflozin and Metformin Hydrochloride  ER Tabs 5mg/500mg x ,1,0211579,New,1,No Line Extension,2026-04-06,2026-04-17,Tablet,30.00,Substitutable,NO,Not Purchased,2026-04-17,Active,N/A,2026-05-26,,,,,
70748-102-7,LUPIN PHARMACEUTICALS INC.,Active,Dapagliflozin and Metformin Hydrochloride  ER Tabs 5mg/1000mg x,1,0211579,New,1,No Line Extension,2026-04-06,2026-04-17,Tablet,60.00,Substitutable,NO,Not Purchased,2026-04-17,Active,N/A,2026-05-26,,,,,
70748-103-6,LUPIN PHARMACEUTICALS INC.,Active,Dapagliflozin and Metformin Hydrochloride  ER Tabs 10mg/500mg x,1,0211579,New,1,No Line Extension,2026-04-06,2026-04-17,Tablet,30.00,Substitutable,NO,Not Purchased,2026-04-17,Active,N/A,2026-05-26,,,,,
70748-104-6,LUPIN PHARMACEUTICALS INC.,Active,Dapagliflozin and Metformin Hydrochloride  ER Tabs 10mg/1000mg ,1,0211579,New,1,No Line Extension,2026-04-06,2026-04-17,Tablet,30.00,Substitutable,NO,Not Purchased,2026-04-17,Active,N/A,2026-05-26,,,,,
70748-273-1,LUPIN PHARMACEUTICALS INC.,Active,ARMLUPEG,2,0761212,Standard,1,No Line Extension,2025-11-28,2026-04-01,Milliliter,0.60,Not clearly substitutable,YES,Not Purchased,2026-04-01,Active,N/A,2026-05-28,,,,,
70954-853-10,"ANI PHARMACEUTICALS, INC.",Active,Pimozide Tablets 1mg 100ct,1,0219897,New,1,No Line Extension,2026-04-13,2026-04-22,Tablet,100.00,Substitutable,NO,Not Purchased,2026-04-22,Active,N/A,2026-05-28,,,,,
70954-854-10,"ANI PHARMACEUTICALS, INC.",Active,Pimozide Tablets 2mg 100ct,1,0219897,New,1,No Line Extension,2026-04-13,2026-04-22,Tablet,100.00,Substitutable,NO,Not Purchased,2026-04-22,Active,N/A,2026-05-28,,,,,
70954-909-20,"ANI PHARMACEUTICALS, INC.",Active,Lofexidine Tablets 0.18mg 96ct,1,0219917,New,1,No Line Extension,2025-10-22,2026-04-27,Tablet,96.00,Substitutable,NO,Not Purchased,2026-04-27,Active,N/A,2026-05-28,,,,,
71288-700-91,"MEITHEAL PHARMACEUTICALS, INC.",Active,Rocuronium Bromide 50mg 5mL - HealthTrust - Inner NDC,1,0213453,New,1,No Line Extension,2023-05-08,2023-06-08,Milliliter,5.00,Not clearly substitutable,YES,Not Purchased,2023-06-08,Active,N/A,2026-05-28,,,,,
71288-700-92,"MEITHEAL PHARMACEUTICALS, INC.",Active,Rocuronium Bromide 50mg 5mL - HealthTrust,1,0213453,New,1,No Line Extension,2023-05-08,2023-06-08,Milliliter,50.00,Not clearly substitutable,YES,Not Purchased,2023-06-08,Active,N/A,2026-05-28,,,,,
71288-718-91,"MEITHEAL PHARMACEUTICALS, INC.",Active,Rocuronium Bromide 100mg 10mL - HealthTrust - Inner NDC,1,0213453,New,1,No Line Extension,2023-05-08,2023-06-08,Milliliter,10.00,Not clearly substitutable,YES,Not Purchased,2023-06-08,Active,N/A,2026-05-28,,,,,
71288-718-92,"MEITHEAL PHARMACEUTICALS, INC.",Active,Rocuronium Bromide 100mg 10mL - HealthTrust,1,0213453,New,1,No Line Extension,2023-05-08,2023-06-08,Milliliter,100.00,Not clearly substitutable,YES,Not Purchased,2023-06-08,Active,N/A,2026-05-28,,,,,
71288-729-20,"MEITHEAL PHARMACEUTICALS, INC.",Active,"Propofol Inj Emulsion, USP 200mg 20mL SDV - Inner NDC",1,0217945,New,1,No Line Extension,2025-12-02,2026-04-07,Milliliter,20.00,Substitutable,YES,Not Purchased,2026-04-07,Active,N/A,2026-05-28,,,,,
71288-729-21,"MEITHEAL PHARMACEUTICALS, INC.",Active,"Propofol Inj Emulsion, USP 200mg 20mL SDV",1,0217945,New,1,No Line Extension,2025-12-02,2026-04-07,Milliliter,20.00,Substitutable,YES,Not Purchased,2026-04-07,Active,N/A,2026-05-28,,,,,
71288-730-50,"MEITHEAL PHARMACEUTICALS, INC.",Active,"Propofol Inj Emulsion, USP 500mg 50mL SDV - Inner NDC",1,0217945,New,1,No Line Extension,2025-12-02,2026-04-07,Milliliter,50.00,Substitutable,YES,Not Purchased,2026-04-07,Active,N/A,2026-05-28,,,,,
71288-730-51,"MEITHEAL PHARMACEUTICALS, INC.",Active,"Propofol Inj Emulsion, USP 500mg 50mL SDV",1,0217945,New,1,No Line Extension,2025-12-02,2026-04-07,Milliliter,50.00,Substitutable,YES,Not Purchased,2026-04-07,Active,N/A,2026-05-28,,,,,
71288-731-52,"MEITHEAL PHARMACEUTICALS, INC.",Active,"Propofol Inj Emulsion, USP 1,000mg 100mL SDV - Inner NDC",1,0217945,New,1,No Line Extension,2025-12-02,2026-04-07,Milliliter,100.00,Substitutable,YES,Not Purchased,2026-04-07,Active,N/A,2026-05-28,,,,,
71288-731-53,"MEITHEAL PHARMACEUTICALS, INC.",Active,"Propofol Inj Emulsion, USP 1,000mg 100mL SDV",1,0217945,New,1,No Line Extension,2025-12-02,2026-04-07,Milliliter,100.00,Substitutable,YES,Not Purchased,2026-04-07,Active,N/A,2026-05-28,,,,,
72205-327-30,"NOVADOZ PHARMACEUTICALS, LLC",Active,"Irbesartan Tablets 75mg,30",1,0219539,New,1,No Line Extension,2025-11-04,2026-04-10,Tablet,30.00,Substitutable,NO,Not Purchased,2026-04-10,Active,N/A,2026-05-26,,,,,
72205-331-57,"NOVADOZ PHARMACEUTICALS, LLC",Active,Glycerol Phenyl Butyrate 1.1gm/ml,1,0219540,New,1,No Line Extension,2026-04-15,2026-04-16,Milliliter,25.00,Not clearly substitutable,NO,Not Purchased,2026-04-16,Active,N/A,2026-05-26,,,,,
72205-432-1,"NOVADOZ PHARMACEUTICALS, LLC",Active,"Dapagliflozin 5mg,30",1,0211478,New,1,No Line Extension,2026-04-06,2026-04-07,Tablet,30.00,Substitutable,NO,Not Purchased,2026-04-07,Active,N/A,2026-05-26,,,,,
72205-432-3,"NOVADOZ PHARMACEUTICALS, LLC",Active,"Dapagliflozin 5mg,90",1,0211478,New,1,No Line Extension,2026-04-06,2026-04-07,Tablet,90.00,Substitutable,NO,Not Purchased,2026-04-07,Active,N/A,2026-05-26,,,,,
72205-433-1,"NOVADOZ PHARMACEUTICALS, LLC",Active,"Dapagliflozin 10mg, 30",1,0211478,New,1,No Line Extension,2026-04-06,2026-04-07,Tablet,30.00,Substitutable,NO,Not Purchased,2026-04-07,Active,N/A,2026-05-26,,,,,
72205-433-3,"NOVADOZ PHARMACEUTICALS, LLC",Active,"Dapagliflozin 10mg,90",1,0211478,New,1,No Line Extension,2026-04-06,2026-04-07,Tablet,90.00,Substitutable,NO,Not Purchased,2026-04-07,Active,N/A,2026-05-26,,,,,
72205-434-1,"NOVADOZ PHARMACEUTICALS, LLC",Active,"Dapagliflozin+Metformin ER 5+500,30",1,0211479,New,1,No Line Extension,2026-04-06,2026-04-07,Tablet,30.00,Substitutable,NO,Not Purchased,2026-04-07,Active,N/A,2026-05-26,,,,,
72205-435-3,"NOVADOZ PHARMACEUTICALS, LLC",Active,"Dapagliflozin+Metformin ER 5+1000,60",1,0211479,New,1,No Line Extension,2026-04-06,2026-04-07,Tablet,60.00,Substitutable,NO,Not Purchased,2026-04-07,Active,N/A,2026-05-26,,,,,
72205-436-1,"NOVADOZ PHARMACEUTICALS, LLC",Active,"Dapagliflozin+Metformin ER 10+500,30",1,0211479,New,1,No Line Extension,2026-04-06,2026-04-07,Tablet,30.00,Substitutable,NO,Not Purchased,2026-04-07,Active,N/A,2026-05-26,,,,,
72205-437-1,"NOVADOZ PHARMACEUTICALS, LLC",Active,"Dapagliflozin+Metformin ER 10+1000,30",1,0211479,New,1,No Line Extension,2026-04-06,2026-04-07,Tablet,30.00,Substitutable,NO,Not Purchased,2026-04-07,Active,N/A,2026-05-26,,,,,
72205-438-1,"NOVADOZ PHARMACEUTICALS, LLC",Active,"Dapagliflozin+ Saxagliptin(10mg+5mg),30",1,0211533,New,1,No Line Extension,2026-04-06,2026-04-07,Tablet,30.00,Substitutable,NO,Not Purchased,2026-04-07,Active,N/A,2026-05-26,,,,,
72241-74-2,Modavar Pharmaceuticals LLC,Active,OFLOXACIN Tabs 400mg 50ct,1,0091656,New,1,No Line Extension,2014-09-18,2026-04-15,Tablet,50.00,Substitutable,NO,Not Purchased,2026-04-15,Active,N/A,2026-05-29,,,,,
72266-258-55,FOSUN PHARMA USA,Active,GUANFACINE EXTENDED RELEASE TABLETS USP 4MG 100CT,1,0217638,New,1,No Line Extension,2024-06-12,2026-04-03,Tablet,100.00,Substitutable,NO,Not Purchased,2026-04-03,Active,N/A,2026-05-28,,,,,
72266-260-25,FOSUN PHARMA USA,Active,THIAMINE HYDROCHLORIDE INJECTION USP 200MG/2ML,1,0217181,New,1,No Line Extension,2024-10-29,2026-04-01,Milliliter,2.00,Not clearly substitutable,YES,Not Purchased,2026-04-01,Active,N/A,2026-05-28,,,,,
72606-60-1,"CELLTRION USA, INC.",Active,steqeyma 45mg/0.5ml,2,0761338,Standard,1,No Line Extension,2024-12-17,2026-04-13,Milliliter,0.50,Not clearly substitutable,YES,Not Purchased,2026-04-13,Active,N/A,2026-05-29,,,,,
73308-344-30,Ayurax,Active,Ziphex,7,Unknow,New,1,No Line Extension,2022-07-05,2022-07-05,Tablet,30.00,Not clearly substitutable,NO,Not Purchased,2026-04-18,Active,N/A,2026-05-27,,,,,
73308-407-60,Ayurax,Active,Amcinonide Ointment,1,0076096,New,1,No Line Extension,2002-11-19,2003-08-01,Gram,60.00,Not clearly substitutable,NO,2025-07-09,2026-04-18,Active,N/A,2026-05-27,,,,,
73308-435-30,Ayurax,Active,ULTRAMICROSIZE GRISEOFULVIN,1,0061996,New,1,No Line Extension,1990-09-30,2025-03-28,Tablet,30.00,Substitutable,NO,2025-03-28,2026-04-18,Active,N/A,2026-05-27,,,,,
73352-101-1,Trifluent Pharma LLC,Active,Fenofibrate 40mg,1,0217732,New,1,No Line Extension,2023-09-07,2025-08-12,Tablet,90.00,Not clearly substitutable,NO,2026-04-13,2026-04-13,Active,N/A,2026-05-27,,,,,
81279-122-60,"Pangea Pharmaceuticals, LLC",Active,Bucapsol (Buspirone Hydrochloride) 7.5 mg,1,0218628,New,1,No Line Extension,2025-03-03,2026-05-04,Capsule,1.00,Not clearly substitutable,NO,Not Purchased,2026-05-04,Active,N/A,2026-05-28,,,,,
81279-123-30,"Pangea Pharmaceuticals, LLC",Active,Bucapsol (Buspirone Hydrochloride) 10 mg,1,0218628,New,1,No Line Extension,2025-03-13,2026-01-02,Capsule,1.00,Not clearly substitutable,NO,Not Purchased,2026-01-02,Active,N/A,2026-05-28,,,,,
81279-124-30,"Pangea Pharmaceuticals, LLC",Active,Bucapsol (Buspirone Hydrochloride) 15 mg,1,0218628,New,1,No Line Extension,2025-03-13,2025-07-15,Capsule,1.00,Not clearly substitutable,NO,Not Purchased,2025-07-15,Active,N/A,2026-05-28,,,,,
82293-33-21,Novugen Pharma (USA) LLC,Active,Everolimus  10mg Tablets  28s 28 Bottle Count,1,0219955,New,1,No Line Extension,2025-10-30,2026-04-28,Tablet,28.00,Substitutable,NO,Not Purchased,2026-04-28,Active,N/A,2026-05-28,,,,,
83257-29-41,Biocon Biologics Inc,Active,Bosaya 60 MG/ML PFS,2,0761436,Standard,1,No Line Extension,2025-09-16,2026-04-01,Milliliter,1.00,Not clearly substitutable,YES,Not Purchased,2026-04-01,Active,N/A,2026-05-28,,,,,
83257-30-11,Biocon Biologics Inc,Active,Aukelso 120MG/1.7ML Vial,2,0761436,Standard,1,No Line Extension,2025-09-16,2026-04-01,Milliliter,1.70,Not clearly substitutable,YES,Not Purchased,2026-04-01,Active,N/A,2026-05-28,,,,,
83980-31-1,IPCA LABORATORIES LTD,Active,"Etodolac Caps USP, 200 mg 100ct",1,0205448,New,1,No Line Extension,2024-08-01,2026-04-24,Capsule,100.00,Substitutable,NO,Not Purchased,2026-04-24,Active,N/A,2026-05-29,,,,,
83980-32-1,IPCA LABORATORIES LTD,Active,"Etodolac Caps USP, 300 mg 100ct",1,0205448,New,1,No Line Extension,2024-08-01,2026-04-24,Capsule,100.00,Substitutable,NO,Not Purchased,2026-04-24,Active,N/A,2026-05-29,,,,,
85437-8-60,Coral Way Pharma,Active,Halobetasol Propionate Lotion,4,0208183,Investigational,1,No Line Extension,2015-11-06,2015-11-06,Milliliter,60.00,Not clearly substitutable,NO,2026-04-03,2026-04-03,Active,N/A,2026-05-28,,,,,
87262-160-2,"USWM CT, LLC",Active,TECELRA,2,0125789,Standard,1,No Line Extension,2024-08-01,2024-08-02,Each,1.00,Not clearly substitutable,YES,2026-01-19,2026-04-24,Active,N/A,2026-05-31,,,,,
